great,0.125
buysem,0.125
ahm,0.125
prescrib,0.125
moham,0.0625
kimber,0.0625
go,0.041666666666666664
med,0.041666666666666664
