rowing,0.0625
kettering,0.0625
scanning,0.0625
consulting,0.0625
eating,0.0625
pendred,0.0625
canadianpharmacyking,0.0625
add,0.0625
neglected,0.0625
weighing,0.0625
neurobiomarketing,0.0625
keeping,0.0625
viraled,0.0625
imaging,0.020833333333333332
wellbeing,0.020833333333333332
med,0.020833333333333332
